3,25,1,dilate,13,1
3,25,1,dilate,13,4
3,25,1,dilate,13,7
3,25,1,dilate,21,1
3,25,1,dilate,21,4
3,25,1,dilate,21,7
3,25,1,dilate,29,1
3,25,1,dilate,29,4
3,25,1,dilate,29,7
3,25,1,open,13,1
3,25,1,open,13,4
3,25,1,open,13,7
3,25,1,open,21,1
3,25,1,open,21,4
3,25,1,open,21,7
3,25,1,open,29,1
3,25,1,open,29,4
3,25,1,open,29,7
3,25,4,dilate,13,1
3,25,4,dilate,13,4
3,25,4,dilate,13,7
3,25,4,dilate,21,1
3,25,4,dilate,21,4
3,25,4,dilate,21,7
3,25,4,dilate,29,1
3,25,4,dilate,29,4
3,25,4,dilate,29,7
3,25,4,open,13,1
3,25,4,open,13,4
3,25,4,open,13,7
3,25,4,open,21,1
3,25,4,open,21,4
3,25,4,open,21,7
3,25,4,open,29,1
3,25,4,open,29,4
3,25,4,open,29,7
3,25,9,dilate,13,1
3,25,9,dilate,13,4
3,25,9,dilate,13,7
3,25,9,dilate,21,1
3,25,9,dilate,21,4
3,25,9,dilate,21,7
3,25,9,dilate,29,1
3,25,9,dilate,29,4
3,25,9,dilate,29,7
3,25,9,open,13,1
3,25,9,open,13,4
3,25,9,open,13,7
3,25,9,open,21,1
3,25,9,open,21,4
3,25,9,open,21,7
3,25,9,open,29,1
3,25,9,open,29,4
3,25,9,open,29,7
3,25,16,dilate,13,1
3,25,16,dilate,13,4
3,25,16,dilate,13,7
3,25,16,dilate,21,1
3,25,16,dilate,21,4
3,25,16,dilate,21,7
3,25,16,dilate,29,1
3,25,16,dilate,29,4
3,25,16,dilate,29,7
3,25,16,open,13,1
3,25,16,open,13,4
3,25,16,open,13,7
3,25,16,open,21,1
3,25,16,open,21,4
3,25,16,open,21,7
3,25,16,open,29,1
3,25,16,open,29,4
3,25,16,open,29,7
3,25,25,dilate,13,1
3,25,25,dilate,13,4
3,25,25,dilate,13,7
3,25,25,dilate,21,1
3,25,25,dilate,21,4
3,25,25,dilate,21,7
3,25,25,dilate,29,1
3,25,25,dilate,29,4
3,25,25,dilate,29,7
3,25,25,open,13,1
3,25,25,open,13,4
3,25,25,open,13,7
3,25,25,open,21,1
3,25,25,open,21,4
3,25,25,open,21,7
3,25,25,open,29,1
3,25,25,open,29,4
3,25,25,open,29,7
3,50,1,dilate,13,1
3,50,1,dilate,13,4
3,50,1,dilate,13,7
3,50,1,dilate,21,1
3,50,1,dilate,21,4
3,50,1,dilate,21,7
3,50,1,dilate,29,1
3,50,1,dilate,29,4
3,50,1,dilate,29,7
3,50,1,open,13,1
3,50,1,open,13,4
3,50,1,open,13,7
3,50,1,open,21,1
3,50,1,open,21,4
3,50,1,open,21,7
3,50,1,open,29,1
3,50,1,open,29,4
3,50,1,open,29,7
3,50,4,dilate,13,1
3,50,4,dilate,13,4
3,50,4,dilate,13,7
3,50,4,dilate,21,1
3,50,4,dilate,21,4
3,50,4,dilate,21,7
3,50,4,dilate,29,1
3,50,4,dilate,29,4
3,50,4,dilate,29,7
3,50,4,open,13,1
3,50,4,open,13,4
3,50,4,open,13,7
3,50,4,open,21,1
3,50,4,open,21,4
3,50,4,open,21,7
3,50,4,open,29,1
3,50,4,open,29,4
3,50,4,open,29,7
3,50,9,dilate,13,1
3,50,9,dilate,13,4
3,50,9,dilate,13,7
3,50,9,dilate,21,1
3,50,9,dilate,21,4
3,50,9,dilate,21,7
3,50,9,dilate,29,1
3,50,9,dilate,29,4
3,50,9,dilate,29,7
3,50,9,open,13,1
3,50,9,open,13,4
3,50,9,open,13,7
3,50,9,open,21,1
3,50,9,open,21,4
3,50,9,open,21,7
3,50,9,open,29,1
3,50,9,open,29,4
3,50,9,open,29,7
3,50,16,dilate,13,1
3,50,16,dilate,13,4
3,50,16,dilate,13,7
3,50,16,dilate,21,1
3,50,16,dilate,21,4
3,50,16,dilate,21,7
3,50,16,dilate,29,1
3,50,16,dilate,29,4
3,50,16,dilate,29,7
3,50,16,open,13,1
3,50,16,open,13,4
3,50,16,open,13,7
3,50,16,open,21,1
3,50,16,open,21,4
3,50,16,open,21,7
3,50,16,open,29,1
3,50,16,open,29,4
3,50,16,open,29,7
3,50,25,dilate,13,1
3,50,25,dilate,13,4
3,50,25,dilate,13,7
3,50,25,dilate,21,1
3,50,25,dilate,21,4
3,50,25,dilate,21,7
3,50,25,dilate,29,1
3,50,25,dilate,29,4
3,50,25,dilate,29,7
3,50,25,open,13,1
3,50,25,open,13,4
3,50,25,open,13,7
3,50,25,open,21,1
3,50,25,open,21,4
3,50,25,open,21,7
3,50,25,open,29,1
3,50,25,open,29,4
3,50,25,open,29,7
3,75,1,dilate,13,1
3,75,1,dilate,13,4
3,75,1,dilate,13,7
3,75,1,dilate,21,1
3,75,1,dilate,21,4
3,75,1,dilate,21,7
3,75,1,dilate,29,1
3,75,1,dilate,29,4
3,75,1,dilate,29,7
3,75,1,open,13,1
3,75,1,open,13,4
3,75,1,open,13,7
3,75,1,open,21,1
3,75,1,open,21,4
3,75,1,open,21,7
3,75,1,open,29,1
3,75,1,open,29,4
3,75,1,open,29,7
3,75,4,dilate,13,1
3,75,4,dilate,13,4
3,75,4,dilate,13,7
3,75,4,dilate,21,1
3,75,4,dilate,21,4
3,75,4,dilate,21,7
3,75,4,dilate,29,1
3,75,4,dilate,29,4
3,75,4,dilate,29,7
3,75,4,open,13,1
3,75,4,open,13,4
3,75,4,open,13,7
3,75,4,open,21,1
3,75,4,open,21,4
3,75,4,open,21,7
3,75,4,open,29,1
3,75,4,open,29,4
3,75,4,open,29,7
3,75,9,dilate,13,1
3,75,9,dilate,13,4
3,75,9,dilate,13,7
3,75,9,dilate,21,1
3,75,9,dilate,21,4
3,75,9,dilate,21,7
3,75,9,dilate,29,1
3,75,9,dilate,29,4
3,75,9,dilate,29,7
3,75,9,open,13,1
3,75,9,open,13,4
3,75,9,open,13,7
3,75,9,open,21,1
3,75,9,open,21,4
3,75,9,open,21,7
3,75,9,open,29,1
3,75,9,open,29,4
3,75,9,open,29,7
3,75,16,dilate,13,1
3,75,16,dilate,13,4
3,75,16,dilate,13,7
3,75,16,dilate,21,1
3,75,16,dilate,21,4
3,75,16,dilate,21,7
3,75,16,dilate,29,1
3,75,16,dilate,29,4
3,75,16,dilate,29,7
3,75,16,open,13,1
3,75,16,open,13,4
3,75,16,open,13,7
3,75,16,open,21,1
3,75,16,open,21,4
3,75,16,open,21,7
3,75,16,open,29,1
3,75,16,open,29,4
3,75,16,open,29,7
3,75,25,dilate,13,1
3,75,25,dilate,13,4
3,75,25,dilate,13,7
3,75,25,dilate,21,1
3,75,25,dilate,21,4
3,75,25,dilate,21,7
3,75,25,dilate,29,1
3,75,25,dilate,29,4
3,75,25,dilate,29,7
3,75,25,open,13,1
3,75,25,open,13,4
3,75,25,open,13,7
3,75,25,open,21,1
3,75,25,open,21,4
3,75,25,open,21,7
3,75,25,open,29,1
3,75,25,open,29,4
3,75,25,open,29,7
3,100,1,dilate,13,1
3,100,1,dilate,13,4
3,100,1,dilate,13,7
3,100,1,dilate,21,1
3,100,1,dilate,21,4
3,100,1,dilate,21,7
3,100,1,dilate,29,1
3,100,1,dilate,29,4
3,100,1,dilate,29,7
3,100,1,open,13,1
3,100,1,open,13,4
3,100,1,open,13,7
3,100,1,open,21,1
3,100,1,open,21,4
3,100,1,open,21,7
3,100,1,open,29,1
3,100,1,open,29,4
3,100,1,open,29,7
3,100,4,dilate,13,1
3,100,4,dilate,13,4
3,100,4,dilate,13,7
3,100,4,dilate,21,1
3,100,4,dilate,21,4
3,100,4,dilate,21,7
3,100,4,dilate,29,1
3,100,4,dilate,29,4
3,100,4,dilate,29,7
3,100,4,open,13,1
3,100,4,open,13,4
3,100,4,open,13,7
3,100,4,open,21,1
3,100,4,open,21,4
3,100,4,open,21,7
3,100,4,open,29,1
3,100,4,open,29,4
3,100,4,open,29,7
3,100,9,dilate,13,1
3,100,9,dilate,13,4
3,100,9,dilate,13,7
3,100,9,dilate,21,1
3,100,9,dilate,21,4
3,100,9,dilate,21,7
3,100,9,dilate,29,1
3,100,9,dilate,29,4
3,100,9,dilate,29,7
3,100,9,open,13,1
3,100,9,open,13,4
3,100,9,open,13,7
3,100,9,open,21,1
3,100,9,open,21,4
3,100,9,open,21,7
3,100,9,open,29,1
3,100,9,open,29,4
3,100,9,open,29,7
3,100,16,dilate,13,1
3,100,16,dilate,13,4
3,100,16,dilate,13,7
3,100,16,dilate,21,1
3,100,16,dilate,21,4
3,100,16,dilate,21,7
3,100,16,dilate,29,1
3,100,16,dilate,29,4
3,100,16,dilate,29,7
3,100,16,open,13,1
3,100,16,open,13,4
3,100,16,open,13,7
3,100,16,open,21,1
3,100,16,open,21,4
3,100,16,open,21,7
3,100,16,open,29,1
3,100,16,open,29,4
3,100,16,open,29,7
3,100,25,dilate,13,1
3,100,25,dilate,13,4
3,100,25,dilate,13,7
3,100,25,dilate,21,1
3,100,25,dilate,21,4
3,100,25,dilate,21,7
3,100,25,dilate,29,1
3,100,25,dilate,29,4
3,100,25,dilate,29,7
3,100,25,open,13,1
3,100,25,open,13,4
3,100,25,open,13,7
3,100,25,open,21,1
3,100,25,open,21,4
3,100,25,open,21,7
3,100,25,open,29,1
3,100,25,open,29,4
3,100,25,open,29,7
3,125,1,dilate,13,1
3,125,1,dilate,13,4
3,125,1,dilate,13,7
3,125,1,dilate,21,1
3,125,1,dilate,21,4
3,125,1,dilate,21,7
3,125,1,dilate,29,1
3,125,1,dilate,29,4
3,125,1,dilate,29,7
3,125,1,open,13,1
3,125,1,open,13,4
3,125,1,open,13,7
3,125,1,open,21,1
3,125,1,open,21,4
3,125,1,open,21,7
3,125,1,open,29,1
3,125,1,open,29,4
3,125,1,open,29,7
3,125,4,dilate,13,1
3,125,4,dilate,13,4
3,125,4,dilate,13,7
3,125,4,dilate,21,1
3,125,4,dilate,21,4
3,125,4,dilate,21,7
3,125,4,dilate,29,1
3,125,4,dilate,29,4
3,125,4,dilate,29,7
3,125,4,open,13,1
3,125,4,open,13,4
3,125,4,open,13,7
3,125,4,open,21,1
3,125,4,open,21,4
3,125,4,open,21,7
3,125,4,open,29,1
3,125,4,open,29,4
3,125,4,open,29,7
3,125,9,dilate,13,1
3,125,9,dilate,13,4
3,125,9,dilate,13,7
3,125,9,dilate,21,1
3,125,9,dilate,21,4
3,125,9,dilate,21,7
3,125,9,dilate,29,1
3,125,9,dilate,29,4
3,125,9,dilate,29,7
3,125,9,open,13,1
3,125,9,open,13,4
3,125,9,open,13,7
3,125,9,open,21,1
3,125,9,open,21,4
3,125,9,open,21,7
3,125,9,open,29,1
3,125,9,open,29,4
3,125,9,open,29,7
3,125,16,dilate,13,1
3,125,16,dilate,13,4
3,125,16,dilate,13,7
3,125,16,dilate,21,1
3,125,16,dilate,21,4
3,125,16,dilate,21,7
3,125,16,dilate,29,1
3,125,16,dilate,29,4
3,125,16,dilate,29,7
3,125,16,open,13,1
3,125,16,open,13,4
3,125,16,open,13,7
3,125,16,open,21,1
3,125,16,open,21,4
3,125,16,open,21,7
3,125,16,open,29,1
3,125,16,open,29,4
3,125,16,open,29,7
3,125,25,dilate,13,1
3,125,25,dilate,13,4
3,125,25,dilate,13,7
3,125,25,dilate,21,1
3,125,25,dilate,21,4
3,125,25,dilate,21,7
3,125,25,dilate,29,1
3,125,25,dilate,29,4
3,125,25,dilate,29,7
3,125,25,open,13,1
3,125,25,open,13,4
3,125,25,open,13,7
3,125,25,open,21,1
3,125,25,open,21,4
3,125,25,open,21,7
3,125,25,open,29,1
3,125,25,open,29,4
3,125,25,open,29,7
3,150,1,dilate,13,1
3,150,1,dilate,13,4
3,150,1,dilate,13,7
3,150,1,dilate,21,1
3,150,1,dilate,21,4
3,150,1,dilate,21,7
3,150,1,dilate,29,1
3,150,1,dilate,29,4
3,150,1,dilate,29,7
3,150,1,open,13,1
3,150,1,open,13,4
3,150,1,open,13,7
3,150,1,open,21,1
3,150,1,open,21,4
3,150,1,open,21,7
3,150,1,open,29,1
3,150,1,open,29,4
3,150,1,open,29,7
3,150,4,dilate,13,1
3,150,4,dilate,13,4
3,150,4,dilate,13,7
3,150,4,dilate,21,1
3,150,4,dilate,21,4
3,150,4,dilate,21,7
3,150,4,dilate,29,1
3,150,4,dilate,29,4
3,150,4,dilate,29,7
3,150,4,open,13,1
3,150,4,open,13,4
3,150,4,open,13,7
3,150,4,open,21,1
3,150,4,open,21,4
3,150,4,open,21,7
3,150,4,open,29,1
3,150,4,open,29,4
3,150,4,open,29,7
3,150,9,dilate,13,1
3,150,9,dilate,13,4
3,150,9,dilate,13,7
3,150,9,dilate,21,1
3,150,9,dilate,21,4
3,150,9,dilate,21,7
3,150,9,dilate,29,1
3,150,9,dilate,29,4
3,150,9,dilate,29,7
3,150,9,open,13,1
3,150,9,open,13,4
3,150,9,open,13,7
3,150,9,open,21,1
3,150,9,open,21,4
3,150,9,open,21,7
3,150,9,open,29,1
3,150,9,open,29,4
3,150,9,open,29,7
3,150,16,dilate,13,1
3,150,16,dilate,13,4
3,150,16,dilate,13,7
3,150,16,dilate,21,1
3,150,16,dilate,21,4
3,150,16,dilate,21,7
3,150,16,dilate,29,1
3,150,16,dilate,29,4
3,150,16,dilate,29,7
3,150,16,open,13,1
3,150,16,open,13,4
3,150,16,open,13,7
3,150,16,open,21,1
3,150,16,open,21,4
3,150,16,open,21,7
3,150,16,open,29,1
3,150,16,open,29,4
3,150,16,open,29,7
3,150,25,dilate,13,1
3,150,25,dilate,13,4
3,150,25,dilate,13,7
3,150,25,dilate,21,1
3,150,25,dilate,21,4
3,150,25,dilate,21,7
3,150,25,dilate,29,1
3,150,25,dilate,29,4
3,150,25,dilate,29,7
3,150,25,open,13,1
3,150,25,open,13,4
3,150,25,open,13,7
3,150,25,open,21,1
3,150,25,open,21,4
3,150,25,open,21,7
3,150,25,open,29,1
3,150,25,open,29,4
3,150,25,open,29,7
5,25,1,dilate,13,1
5,25,1,dilate,13,4
5,25,1,dilate,13,7
5,25,1,dilate,21,1
5,25,1,dilate,21,4
5,25,1,dilate,21,7
5,25,1,dilate,29,1
5,25,1,dilate,29,4
5,25,1,dilate,29,7
5,25,1,open,13,1
5,25,1,open,13,4
5,25,1,open,13,7
5,25,1,open,21,1
5,25,1,open,21,4
5,25,1,open,21,7
5,25,1,open,29,1
5,25,1,open,29,4
5,25,1,open,29,7
5,25,4,dilate,13,1
5,25,4,dilate,13,4
5,25,4,dilate,13,7
5,25,4,dilate,21,1
5,25,4,dilate,21,4
5,25,4,dilate,21,7
5,25,4,dilate,29,1
5,25,4,dilate,29,4
5,25,4,dilate,29,7
5,25,4,open,13,1
5,25,4,open,13,4
5,25,4,open,13,7
5,25,4,open,21,1
5,25,4,open,21,4
5,25,4,open,21,7
5,25,4,open,29,1
5,25,4,open,29,4
5,25,4,open,29,7
5,25,9,dilate,13,1
5,25,9,dilate,13,4
5,25,9,dilate,13,7
5,25,9,dilate,21,1
5,25,9,dilate,21,4
5,25,9,dilate,21,7
5,25,9,dilate,29,1
5,25,9,dilate,29,4
5,25,9,dilate,29,7
5,25,9,open,13,1
5,25,9,open,13,4
5,25,9,open,13,7
5,25,9,open,21,1
5,25,9,open,21,4
5,25,9,open,21,7
5,25,9,open,29,1
5,25,9,open,29,4
5,25,9,open,29,7
5,25,16,dilate,13,1
5,25,16,dilate,13,4
5,25,16,dilate,13,7
5,25,16,dilate,21,1
5,25,16,dilate,21,4
5,25,16,dilate,21,7
5,25,16,dilate,29,1
5,25,16,dilate,29,4
5,25,16,dilate,29,7
5,25,16,open,13,1
5,25,16,open,13,4
5,25,16,open,13,7
5,25,16,open,21,1
5,25,16,open,21,4
5,25,16,open,21,7
5,25,16,open,29,1
5,25,16,open,29,4
5,25,16,open,29,7
5,25,25,dilate,13,1
5,25,25,dilate,13,4
5,25,25,dilate,13,7
5,25,25,dilate,21,1
5,25,25,dilate,21,4
5,25,25,dilate,21,7
5,25,25,dilate,29,1
5,25,25,dilate,29,4
5,25,25,dilate,29,7
5,25,25,open,13,1
5,25,25,open,13,4
5,25,25,open,13,7
5,25,25,open,21,1
5,25,25,open,21,4
5,25,25,open,21,7
5,25,25,open,29,1
5,25,25,open,29,4
5,25,25,open,29,7
5,50,1,dilate,13,1
5,50,1,dilate,13,4
5,50,1,dilate,13,7
5,50,1,dilate,21,1
5,50,1,dilate,21,4
5,50,1,dilate,21,7
5,50,1,dilate,29,1
5,50,1,dilate,29,4
5,50,1,dilate,29,7
5,50,1,open,13,1
5,50,1,open,13,4
5,50,1,open,13,7
5,50,1,open,21,1
5,50,1,open,21,4
5,50,1,open,21,7
5,50,1,open,29,1
5,50,1,open,29,4
5,50,1,open,29,7
5,50,4,dilate,13,1
5,50,4,dilate,13,4
5,50,4,dilate,13,7
5,50,4,dilate,21,1
5,50,4,dilate,21,4
5,50,4,dilate,21,7
5,50,4,dilate,29,1
5,50,4,dilate,29,4
5,50,4,dilate,29,7
5,50,4,open,13,1
5,50,4,open,13,4
5,50,4,open,13,7
5,50,4,open,21,1
5,50,4,open,21,4
5,50,4,open,21,7
5,50,4,open,29,1
5,50,4,open,29,4
5,50,4,open,29,7
5,50,9,dilate,13,1
5,50,9,dilate,13,4
5,50,9,dilate,13,7
5,50,9,dilate,21,1
5,50,9,dilate,21,4
5,50,9,dilate,21,7
5,50,9,dilate,29,1
5,50,9,dilate,29,4
5,50,9,dilate,29,7
5,50,9,open,13,1
5,50,9,open,13,4
5,50,9,open,13,7
5,50,9,open,21,1
5,50,9,open,21,4
5,50,9,open,21,7
5,50,9,open,29,1
5,50,9,open,29,4
5,50,9,open,29,7
5,50,16,dilate,13,1
5,50,16,dilate,13,4
5,50,16,dilate,13,7
5,50,16,dilate,21,1
5,50,16,dilate,21,4
5,50,16,dilate,21,7
5,50,16,dilate,29,1
5,50,16,dilate,29,4
5,50,16,dilate,29,7
5,50,16,open,13,1
5,50,16,open,13,4
5,50,16,open,13,7
5,50,16,open,21,1
5,50,16,open,21,4
5,50,16,open,21,7
5,50,16,open,29,1
5,50,16,open,29,4
5,50,16,open,29,7
5,50,25,dilate,13,1
5,50,25,dilate,13,4
5,50,25,dilate,13,7
5,50,25,dilate,21,1
5,50,25,dilate,21,4
5,50,25,dilate,21,7
5,50,25,dilate,29,1
5,50,25,dilate,29,4
5,50,25,dilate,29,7
5,50,25,open,13,1
5,50,25,open,13,4
5,50,25,open,13,7
5,50,25,open,21,1
5,50,25,open,21,4
5,50,25,open,21,7
5,50,25,open,29,1
5,50,25,open,29,4
5,50,25,open,29,7
5,75,1,dilate,13,1
5,75,1,dilate,13,4
5,75,1,dilate,13,7
5,75,1,dilate,21,1
5,75,1,dilate,21,4
5,75,1,dilate,21,7
5,75,1,dilate,29,1
5,75,1,dilate,29,4
5,75,1,dilate,29,7
5,75,1,open,13,1
5,75,1,open,13,4
5,75,1,open,13,7
5,75,1,open,21,1
5,75,1,open,21,4
5,75,1,open,21,7
5,75,1,open,29,1
5,75,1,open,29,4
5,75,1,open,29,7
5,75,4,dilate,13,1
5,75,4,dilate,13,4
5,75,4,dilate,13,7
5,75,4,dilate,21,1
5,75,4,dilate,21,4
5,75,4,dilate,21,7
5,75,4,dilate,29,1
5,75,4,dilate,29,4
5,75,4,dilate,29,7
5,75,4,open,13,1
5,75,4,open,13,4
5,75,4,open,13,7
5,75,4,open,21,1
5,75,4,open,21,4
5,75,4,open,21,7
5,75,4,open,29,1
5,75,4,open,29,4
5,75,4,open,29,7
5,75,9,dilate,13,1
5,75,9,dilate,13,4
5,75,9,dilate,13,7
5,75,9,dilate,21,1
5,75,9,dilate,21,4
5,75,9,dilate,21,7
5,75,9,dilate,29,1
5,75,9,dilate,29,4
5,75,9,dilate,29,7
5,75,9,open,13,1
5,75,9,open,13,4
5,75,9,open,13,7
5,75,9,open,21,1
5,75,9,open,21,4
5,75,9,open,21,7
5,75,9,open,29,1
5,75,9,open,29,4
5,75,9,open,29,7
5,75,16,dilate,13,1
5,75,16,dilate,13,4
5,75,16,dilate,13,7
5,75,16,dilate,21,1
5,75,16,dilate,21,4
5,75,16,dilate,21,7
5,75,16,dilate,29,1
5,75,16,dilate,29,4
5,75,16,dilate,29,7
5,75,16,open,13,1
5,75,16,open,13,4
5,75,16,open,13,7
5,75,16,open,21,1
5,75,16,open,21,4
5,75,16,open,21,7
5,75,16,open,29,1
5,75,16,open,29,4
5,75,16,open,29,7
5,75,25,dilate,13,1
5,75,25,dilate,13,4
5,75,25,dilate,13,7
5,75,25,dilate,21,1
5,75,25,dilate,21,4
5,75,25,dilate,21,7
5,75,25,dilate,29,1
5,75,25,dilate,29,4
5,75,25,dilate,29,7
5,75,25,open,13,1
5,75,25,open,13,4
5,75,25,open,13,7
5,75,25,open,21,1
5,75,25,open,21,4
5,75,25,open,21,7
5,75,25,open,29,1
5,75,25,open,29,4
5,75,25,open,29,7
5,100,1,dilate,13,1
5,100,1,dilate,13,4
5,100,1,dilate,13,7
5,100,1,dilate,21,1
5,100,1,dilate,21,4
5,100,1,dilate,21,7
5,100,1,dilate,29,1
5,100,1,dilate,29,4
5,100,1,dilate,29,7
5,100,1,open,13,1
5,100,1,open,13,4
5,100,1,open,13,7
5,100,1,open,21,1
5,100,1,open,21,4
5,100,1,open,21,7
5,100,1,open,29,1
5,100,1,open,29,4
5,100,1,open,29,7
5,100,4,dilate,13,1
5,100,4,dilate,13,4
5,100,4,dilate,13,7
5,100,4,dilate,21,1
5,100,4,dilate,21,4
5,100,4,dilate,21,7
5,100,4,dilate,29,1
5,100,4,dilate,29,4
5,100,4,dilate,29,7
5,100,4,open,13,1
5,100,4,open,13,4
5,100,4,open,13,7
5,100,4,open,21,1
5,100,4,open,21,4
5,100,4,open,21,7
5,100,4,open,29,1
5,100,4,open,29,4
5,100,4,open,29,7
5,100,9,dilate,13,1
5,100,9,dilate,13,4
5,100,9,dilate,13,7
5,100,9,dilate,21,1
5,100,9,dilate,21,4
5,100,9,dilate,21,7
5,100,9,dilate,29,1
5,100,9,dilate,29,4
5,100,9,dilate,29,7
5,100,9,open,13,1
5,100,9,open,13,4
5,100,9,open,13,7
5,100,9,open,21,1
5,100,9,open,21,4
5,100,9,open,21,7
5,100,9,open,29,1
5,100,9,open,29,4
5,100,9,open,29,7
5,100,16,dilate,13,1
5,100,16,dilate,13,4
5,100,16,dilate,13,7
5,100,16,dilate,21,1
5,100,16,dilate,21,4
5,100,16,dilate,21,7
5,100,16,dilate,29,1
5,100,16,dilate,29,4
5,100,16,dilate,29,7
5,100,16,open,13,1
5,100,16,open,13,4
5,100,16,open,13,7
5,100,16,open,21,1
5,100,16,open,21,4
5,100,16,open,21,7
5,100,16,open,29,1
5,100,16,open,29,4
5,100,16,open,29,7
5,100,25,dilate,13,1
5,100,25,dilate,13,4
5,100,25,dilate,13,7
5,100,25,dilate,21,1
5,100,25,dilate,21,4
5,100,25,dilate,21,7
5,100,25,dilate,29,1
5,100,25,dilate,29,4
5,100,25,dilate,29,7
5,100,25,open,13,1
5,100,25,open,13,4
5,100,25,open,13,7
5,100,25,open,21,1
5,100,25,open,21,4
5,100,25,open,21,7
5,100,25,open,29,1
5,100,25,open,29,4
5,100,25,open,29,7
5,125,1,dilate,13,1
5,125,1,dilate,13,4
5,125,1,dilate,13,7
5,125,1,dilate,21,1
5,125,1,dilate,21,4
5,125,1,dilate,21,7
5,125,1,dilate,29,1
5,125,1,dilate,29,4
5,125,1,dilate,29,7
5,125,1,open,13,1
5,125,1,open,13,4
5,125,1,open,13,7
5,125,1,open,21,1
5,125,1,open,21,4
5,125,1,open,21,7
5,125,1,open,29,1
5,125,1,open,29,4
5,125,1,open,29,7
5,125,4,dilate,13,1
5,125,4,dilate,13,4
5,125,4,dilate,13,7
5,125,4,dilate,21,1
5,125,4,dilate,21,4
5,125,4,dilate,21,7
5,125,4,dilate,29,1
5,125,4,dilate,29,4
5,125,4,dilate,29,7
5,125,4,open,13,1
5,125,4,open,13,4
5,125,4,open,13,7
5,125,4,open,21,1
5,125,4,open,21,4
5,125,4,open,21,7
5,125,4,open,29,1
5,125,4,open,29,4
5,125,4,open,29,7
5,125,9,dilate,13,1
5,125,9,dilate,13,4
5,125,9,dilate,13,7
5,125,9,dilate,21,1
5,125,9,dilate,21,4
5,125,9,dilate,21,7
5,125,9,dilate,29,1
5,125,9,dilate,29,4
5,125,9,dilate,29,7
5,125,9,open,13,1
5,125,9,open,13,4
5,125,9,open,13,7
5,125,9,open,21,1
5,125,9,open,21,4
5,125,9,open,21,7
5,125,9,open,29,1
5,125,9,open,29,4
5,125,9,open,29,7
5,125,16,dilate,13,1
5,125,16,dilate,13,4
5,125,16,dilate,13,7
5,125,16,dilate,21,1
5,125,16,dilate,21,4
5,125,16,dilate,21,7
5,125,16,dilate,29,1
5,125,16,dilate,29,4
5,125,16,dilate,29,7
5,125,16,open,13,1
5,125,16,open,13,4
5,125,16,open,13,7
5,125,16,open,21,1
5,125,16,open,21,4
5,125,16,open,21,7
5,125,16,open,29,1
5,125,16,open,29,4
5,125,16,open,29,7
5,125,25,dilate,13,1
5,125,25,dilate,13,4
5,125,25,dilate,13,7
5,125,25,dilate,21,1
5,125,25,dilate,21,4
5,125,25,dilate,21,7
5,125,25,dilate,29,1
5,125,25,dilate,29,4
5,125,25,dilate,29,7
5,125,25,open,13,1
5,125,25,open,13,4
5,125,25,open,13,7
5,125,25,open,21,1
5,125,25,open,21,4
5,125,25,open,21,7
5,125,25,open,29,1
5,125,25,open,29,4
5,125,25,open,29,7
5,150,1,dilate,13,1
5,150,1,dilate,13,4
5,150,1,dilate,13,7
5,150,1,dilate,21,1
5,150,1,dilate,21,4
5,150,1,dilate,21,7
5,150,1,dilate,29,1
5,150,1,dilate,29,4
5,150,1,dilate,29,7
5,150,1,open,13,1
5,150,1,open,13,4
5,150,1,open,13,7
5,150,1,open,21,1
5,150,1,open,21,4
5,150,1,open,21,7
5,150,1,open,29,1
5,150,1,open,29,4
5,150,1,open,29,7
5,150,4,dilate,13,1
5,150,4,dilate,13,4
5,150,4,dilate,13,7
5,150,4,dilate,21,1
5,150,4,dilate,21,4
5,150,4,dilate,21,7
5,150,4,dilate,29,1
5,150,4,dilate,29,4
5,150,4,dilate,29,7
5,150,4,open,13,1
5,150,4,open,13,4
5,150,4,open,13,7
5,150,4,open,21,1
5,150,4,open,21,4
5,150,4,open,21,7
5,150,4,open,29,1
5,150,4,open,29,4
5,150,4,open,29,7
5,150,9,dilate,13,1
5,150,9,dilate,13,4
5,150,9,dilate,13,7
5,150,9,dilate,21,1
5,150,9,dilate,21,4
5,150,9,dilate,21,7
5,150,9,dilate,29,1
5,150,9,dilate,29,4
5,150,9,dilate,29,7
5,150,9,open,13,1
5,150,9,open,13,4
5,150,9,open,13,7
5,150,9,open,21,1
5,150,9,open,21,4
5,150,9,open,21,7
5,150,9,open,29,1
5,150,9,open,29,4
5,150,9,open,29,7
5,150,16,dilate,13,1
5,150,16,dilate,13,4
5,150,16,dilate,13,7
5,150,16,dilate,21,1
5,150,16,dilate,21,4
5,150,16,dilate,21,7
5,150,16,dilate,29,1
5,150,16,dilate,29,4
5,150,16,dilate,29,7
5,150,16,open,13,1
5,150,16,open,13,4
5,150,16,open,13,7
5,150,16,open,21,1
5,150,16,open,21,4
5,150,16,open,21,7
5,150,16,open,29,1
5,150,16,open,29,4
5,150,16,open,29,7
5,150,25,dilate,13,1
5,150,25,dilate,13,4
5,150,25,dilate,13,7
5,150,25,dilate,21,1
5,150,25,dilate,21,4
5,150,25,dilate,21,7
5,150,25,dilate,29,1
5,150,25,dilate,29,4
5,150,25,dilate,29,7
5,150,25,open,13,1
5,150,25,open,13,4
5,150,25,open,13,7
5,150,25,open,21,1
5,150,25,open,21,4
5,150,25,open,21,7
5,150,25,open,29,1
5,150,25,open,29,4
5,150,25,open,29,7
7,25,1,dilate,13,1
7,25,1,dilate,13,4
7,25,1,dilate,13,7
7,25,1,dilate,21,1
7,25,1,dilate,21,4
7,25,1,dilate,21,7
7,25,1,dilate,29,1
7,25,1,dilate,29,4
7,25,1,dilate,29,7
7,25,1,open,13,1
7,25,1,open,13,4
7,25,1,open,13,7
7,25,1,open,21,1
7,25,1,open,21,4
7,25,1,open,21,7
7,25,1,open,29,1
7,25,1,open,29,4
7,25,1,open,29,7
7,25,4,dilate,13,1
7,25,4,dilate,13,4
7,25,4,dilate,13,7
7,25,4,dilate,21,1
7,25,4,dilate,21,4
7,25,4,dilate,21,7
7,25,4,dilate,29,1
7,25,4,dilate,29,4
7,25,4,dilate,29,7
7,25,4,open,13,1
7,25,4,open,13,4
7,25,4,open,13,7
7,25,4,open,21,1
7,25,4,open,21,4
7,25,4,open,21,7
7,25,4,open,29,1
7,25,4,open,29,4
7,25,4,open,29,7
7,25,9,dilate,13,1
7,25,9,dilate,13,4
7,25,9,dilate,13,7
7,25,9,dilate,21,1
7,25,9,dilate,21,4
7,25,9,dilate,21,7
7,25,9,dilate,29,1
7,25,9,dilate,29,4
7,25,9,dilate,29,7
7,25,9,open,13,1
7,25,9,open,13,4
7,25,9,open,13,7
7,25,9,open,21,1
7,25,9,open,21,4
7,25,9,open,21,7
7,25,9,open,29,1
7,25,9,open,29,4
7,25,9,open,29,7
7,25,16,dilate,13,1
7,25,16,dilate,13,4
7,25,16,dilate,13,7
7,25,16,dilate,21,1
7,25,16,dilate,21,4
7,25,16,dilate,21,7
7,25,16,dilate,29,1
7,25,16,dilate,29,4
7,25,16,dilate,29,7
7,25,16,open,13,1
7,25,16,open,13,4
7,25,16,open,13,7
7,25,16,open,21,1
7,25,16,open,21,4
7,25,16,open,21,7
7,25,16,open,29,1
7,25,16,open,29,4
7,25,16,open,29,7
7,25,25,dilate,13,1
7,25,25,dilate,13,4
7,25,25,dilate,13,7
7,25,25,dilate,21,1
7,25,25,dilate,21,4
7,25,25,dilate,21,7
7,25,25,dilate,29,1
7,25,25,dilate,29,4
7,25,25,dilate,29,7
7,25,25,open,13,1
7,25,25,open,13,4
7,25,25,open,13,7
7,25,25,open,21,1
7,25,25,open,21,4
7,25,25,open,21,7
7,25,25,open,29,1
7,25,25,open,29,4
7,25,25,open,29,7
7,50,1,dilate,13,1
7,50,1,dilate,13,4
7,50,1,dilate,13,7
7,50,1,dilate,21,1
7,50,1,dilate,21,4
7,50,1,dilate,21,7
7,50,1,dilate,29,1
7,50,1,dilate,29,4
7,50,1,dilate,29,7
7,50,1,open,13,1
7,50,1,open,13,4
7,50,1,open,13,7
7,50,1,open,21,1
7,50,1,open,21,4
7,50,1,open,21,7
7,50,1,open,29,1
7,50,1,open,29,4
7,50,1,open,29,7
7,50,4,dilate,13,1
7,50,4,dilate,13,4
7,50,4,dilate,13,7
7,50,4,dilate,21,1
7,50,4,dilate,21,4
7,50,4,dilate,21,7
7,50,4,dilate,29,1
7,50,4,dilate,29,4
7,50,4,dilate,29,7
7,50,4,open,13,1
7,50,4,open,13,4
7,50,4,open,13,7
7,50,4,open,21,1
7,50,4,open,21,4
7,50,4,open,21,7
7,50,4,open,29,1
7,50,4,open,29,4
7,50,4,open,29,7
7,50,9,dilate,13,1
7,50,9,dilate,13,4
7,50,9,dilate,13,7
7,50,9,dilate,21,1
7,50,9,dilate,21,4
7,50,9,dilate,21,7
7,50,9,dilate,29,1
7,50,9,dilate,29,4
7,50,9,dilate,29,7
7,50,9,open,13,1
7,50,9,open,13,4
7,50,9,open,13,7
7,50,9,open,21,1
7,50,9,open,21,4
7,50,9,open,21,7
7,50,9,open,29,1
7,50,9,open,29,4
7,50,9,open,29,7
7,50,16,dilate,13,1
7,50,16,dilate,13,4
7,50,16,dilate,13,7
7,50,16,dilate,21,1
7,50,16,dilate,21,4
7,50,16,dilate,21,7
7,50,16,dilate,29,1
7,50,16,dilate,29,4
7,50,16,dilate,29,7
7,50,16,open,13,1
7,50,16,open,13,4
7,50,16,open,13,7
7,50,16,open,21,1
7,50,16,open,21,4
7,50,16,open,21,7
7,50,16,open,29,1
7,50,16,open,29,4
7,50,16,open,29,7
7,50,25,dilate,13,1
7,50,25,dilate,13,4
7,50,25,dilate,13,7
7,50,25,dilate,21,1
7,50,25,dilate,21,4
7,50,25,dilate,21,7
7,50,25,dilate,29,1
7,50,25,dilate,29,4
7,50,25,dilate,29,7
7,50,25,open,13,1
7,50,25,open,13,4
7,50,25,open,13,7
7,50,25,open,21,1
7,50,25,open,21,4
7,50,25,open,21,7
7,50,25,open,29,1
7,50,25,open,29,4
7,50,25,open,29,7
7,75,1,dilate,13,1
7,75,1,dilate,13,4
7,75,1,dilate,13,7
7,75,1,dilate,21,1
7,75,1,dilate,21,4
7,75,1,dilate,21,7
7,75,1,dilate,29,1
7,75,1,dilate,29,4
7,75,1,dilate,29,7
7,75,1,open,13,1
7,75,1,open,13,4
7,75,1,open,13,7
7,75,1,open,21,1
7,75,1,open,21,4
7,75,1,open,21,7
7,75,1,open,29,1
7,75,1,open,29,4
7,75,1,open,29,7
7,75,4,dilate,13,1
7,75,4,dilate,13,4
7,75,4,dilate,13,7
7,75,4,dilate,21,1
7,75,4,dilate,21,4
7,75,4,dilate,21,7
7,75,4,dilate,29,1
7,75,4,dilate,29,4
7,75,4,dilate,29,7
7,75,4,open,13,1
7,75,4,open,13,4
7,75,4,open,13,7
7,75,4,open,21,1
7,75,4,open,21,4
7,75,4,open,21,7
7,75,4,open,29,1
7,75,4,open,29,4
7,75,4,open,29,7
7,75,9,dilate,13,1
7,75,9,dilate,13,4
7,75,9,dilate,13,7
7,75,9,dilate,21,1
7,75,9,dilate,21,4
7,75,9,dilate,21,7
7,75,9,dilate,29,1
7,75,9,dilate,29,4
7,75,9,dilate,29,7
7,75,9,open,13,1
7,75,9,open,13,4
7,75,9,open,13,7
7,75,9,open,21,1
7,75,9,open,21,4
7,75,9,open,21,7
7,75,9,open,29,1
7,75,9,open,29,4
7,75,9,open,29,7
7,75,16,dilate,13,1
7,75,16,dilate,13,4
7,75,16,dilate,13,7
7,75,16,dilate,21,1
7,75,16,dilate,21,4
7,75,16,dilate,21,7
7,75,16,dilate,29,1
7,75,16,dilate,29,4
7,75,16,dilate,29,7
7,75,16,open,13,1
7,75,16,open,13,4
7,75,16,open,13,7
7,75,16,open,21,1
7,75,16,open,21,4
7,75,16,open,21,7
7,75,16,open,29,1
7,75,16,open,29,4
7,75,16,open,29,7
7,75,25,dilate,13,1
7,75,25,dilate,13,4
7,75,25,dilate,13,7
7,75,25,dilate,21,1
7,75,25,dilate,21,4
7,75,25,dilate,21,7
7,75,25,dilate,29,1
7,75,25,dilate,29,4
7,75,25,dilate,29,7
7,75,25,open,13,1
7,75,25,open,13,4
7,75,25,open,13,7
7,75,25,open,21,1
7,75,25,open,21,4
7,75,25,open,21,7
7,75,25,open,29,1
7,75,25,open,29,4
7,75,25,open,29,7
7,100,1,dilate,13,1
7,100,1,dilate,13,4
7,100,1,dilate,13,7
7,100,1,dilate,21,1
7,100,1,dilate,21,4
7,100,1,dilate,21,7
7,100,1,dilate,29,1
7,100,1,dilate,29,4
7,100,1,dilate,29,7
7,100,1,open,13,1
7,100,1,open,13,4
7,100,1,open,13,7
7,100,1,open,21,1
7,100,1,open,21,4
7,100,1,open,21,7
7,100,1,open,29,1
7,100,1,open,29,4
7,100,1,open,29,7
7,100,4,dilate,13,1
7,100,4,dilate,13,4
7,100,4,dilate,13,7
7,100,4,dilate,21,1
7,100,4,dilate,21,4
7,100,4,dilate,21,7
7,100,4,dilate,29,1
7,100,4,dilate,29,4
7,100,4,dilate,29,7
7,100,4,open,13,1
7,100,4,open,13,4
7,100,4,open,13,7
7,100,4,open,21,1
7,100,4,open,21,4
7,100,4,open,21,7
7,100,4,open,29,1
7,100,4,open,29,4
7,100,4,open,29,7
7,100,9,dilate,13,1
7,100,9,dilate,13,4
7,100,9,dilate,13,7
7,100,9,dilate,21,1
7,100,9,dilate,21,4
7,100,9,dilate,21,7
7,100,9,dilate,29,1
7,100,9,dilate,29,4
7,100,9,dilate,29,7
7,100,9,open,13,1
7,100,9,open,13,4
7,100,9,open,13,7
7,100,9,open,21,1
7,100,9,open,21,4
7,100,9,open,21,7
7,100,9,open,29,1
7,100,9,open,29,4
7,100,9,open,29,7
7,100,16,dilate,13,1
7,100,16,dilate,13,4
7,100,16,dilate,13,7
7,100,16,dilate,21,1
7,100,16,dilate,21,4
7,100,16,dilate,21,7
7,100,16,dilate,29,1
7,100,16,dilate,29,4
7,100,16,dilate,29,7
7,100,16,open,13,1
7,100,16,open,13,4
7,100,16,open,13,7
7,100,16,open,21,1
7,100,16,open,21,4
7,100,16,open,21,7
7,100,16,open,29,1
7,100,16,open,29,4
7,100,16,open,29,7
7,100,25,dilate,13,1
7,100,25,dilate,13,4
7,100,25,dilate,13,7
7,100,25,dilate,21,1
7,100,25,dilate,21,4
7,100,25,dilate,21,7
7,100,25,dilate,29,1
7,100,25,dilate,29,4
7,100,25,dilate,29,7
7,100,25,open,13,1
7,100,25,open,13,4
7,100,25,open,13,7
7,100,25,open,21,1
7,100,25,open,21,4
7,100,25,open,21,7
7,100,25,open,29,1
7,100,25,open,29,4
7,100,25,open,29,7
7,125,1,dilate,13,1
7,125,1,dilate,13,4
7,125,1,dilate,13,7
7,125,1,dilate,21,1
7,125,1,dilate,21,4
7,125,1,dilate,21,7
7,125,1,dilate,29,1
7,125,1,dilate,29,4
7,125,1,dilate,29,7
7,125,1,open,13,1
7,125,1,open,13,4
7,125,1,open,13,7
7,125,1,open,21,1
7,125,1,open,21,4
7,125,1,open,21,7
7,125,1,open,29,1
7,125,1,open,29,4
7,125,1,open,29,7
7,125,4,dilate,13,1
7,125,4,dilate,13,4
7,125,4,dilate,13,7
7,125,4,dilate,21,1
7,125,4,dilate,21,4
7,125,4,dilate,21,7
7,125,4,dilate,29,1
7,125,4,dilate,29,4
7,125,4,dilate,29,7
7,125,4,open,13,1
7,125,4,open,13,4
7,125,4,open,13,7
7,125,4,open,21,1
7,125,4,open,21,4
7,125,4,open,21,7
7,125,4,open,29,1
7,125,4,open,29,4
7,125,4,open,29,7
7,125,9,dilate,13,1
7,125,9,dilate,13,4
7,125,9,dilate,13,7
7,125,9,dilate,21,1
7,125,9,dilate,21,4
7,125,9,dilate,21,7
7,125,9,dilate,29,1
7,125,9,dilate,29,4
7,125,9,dilate,29,7
7,125,9,open,13,1
7,125,9,open,13,4
7,125,9,open,13,7
7,125,9,open,21,1
7,125,9,open,21,4
7,125,9,open,21,7
7,125,9,open,29,1
7,125,9,open,29,4
7,125,9,open,29,7
7,125,16,dilate,13,1
7,125,16,dilate,13,4
7,125,16,dilate,13,7
7,125,16,dilate,21,1
7,125,16,dilate,21,4
7,125,16,dilate,21,7
7,125,16,dilate,29,1
7,125,16,dilate,29,4
7,125,16,dilate,29,7
7,125,16,open,13,1
7,125,16,open,13,4
7,125,16,open,13,7
7,125,16,open,21,1
7,125,16,open,21,4
7,125,16,open,21,7
7,125,16,open,29,1
7,125,16,open,29,4
7,125,16,open,29,7
7,125,25,dilate,13,1
7,125,25,dilate,13,4
7,125,25,dilate,13,7
7,125,25,dilate,21,1
7,125,25,dilate,21,4
7,125,25,dilate,21,7
7,125,25,dilate,29,1
7,125,25,dilate,29,4
7,125,25,dilate,29,7
7,125,25,open,13,1
7,125,25,open,13,4
7,125,25,open,13,7
7,125,25,open,21,1
7,125,25,open,21,4
7,125,25,open,21,7
7,125,25,open,29,1
7,125,25,open,29,4
7,125,25,open,29,7
7,150,1,dilate,13,1
7,150,1,dilate,13,4
7,150,1,dilate,13,7
7,150,1,dilate,21,1
7,150,1,dilate,21,4
7,150,1,dilate,21,7
7,150,1,dilate,29,1
7,150,1,dilate,29,4
7,150,1,dilate,29,7
7,150,1,open,13,1
7,150,1,open,13,4
7,150,1,open,13,7
7,150,1,open,21,1
7,150,1,open,21,4
7,150,1,open,21,7
7,150,1,open,29,1
7,150,1,open,29,4
7,150,1,open,29,7
7,150,4,dilate,13,1
7,150,4,dilate,13,4
7,150,4,dilate,13,7
7,150,4,dilate,21,1
7,150,4,dilate,21,4
7,150,4,dilate,21,7
7,150,4,dilate,29,1
7,150,4,dilate,29,4
7,150,4,dilate,29,7
7,150,4,open,13,1
7,150,4,open,13,4
7,150,4,open,13,7
7,150,4,open,21,1
7,150,4,open,21,4
7,150,4,open,21,7
7,150,4,open,29,1
7,150,4,open,29,4
7,150,4,open,29,7
7,150,9,dilate,13,1
7,150,9,dilate,13,4
7,150,9,dilate,13,7
7,150,9,dilate,21,1
7,150,9,dilate,21,4
7,150,9,dilate,21,7
7,150,9,dilate,29,1
7,150,9,dilate,29,4
7,150,9,dilate,29,7
7,150,9,open,13,1
7,150,9,open,13,4
7,150,9,open,13,7
7,150,9,open,21,1
7,150,9,open,21,4
7,150,9,open,21,7
7,150,9,open,29,1
7,150,9,open,29,4
7,150,9,open,29,7
7,150,16,dilate,13,1
7,150,16,dilate,13,4
7,150,16,dilate,13,7
7,150,16,dilate,21,1
7,150,16,dilate,21,4
7,150,16,dilate,21,7
7,150,16,dilate,29,1
7,150,16,dilate,29,4
7,150,16,dilate,29,7
7,150,16,open,13,1
7,150,16,open,13,4
7,150,16,open,13,7
7,150,16,open,21,1
7,150,16,open,21,4
7,150,16,open,21,7
7,150,16,open,29,1
7,150,16,open,29,4
7,150,16,open,29,7
7,150,25,dilate,13,1
7,150,25,dilate,13,4
7,150,25,dilate,13,7
7,150,25,dilate,21,1
7,150,25,dilate,21,4
7,150,25,dilate,21,7
7,150,25,dilate,29,1
7,150,25,dilate,29,4
7,150,25,dilate,29,7
7,150,25,open,13,1
7,150,25,open,13,4
7,150,25,open,13,7
7,150,25,open,21,1
7,150,25,open,21,4
7,150,25,open,21,7
7,150,25,open,29,1
7,150,25,open,29,4
7,150,25,open,29,7
9,25,1,dilate,13,1
9,25,1,dilate,13,4
9,25,1,dilate,13,7
9,25,1,dilate,21,1
9,25,1,dilate,21,4
9,25,1,dilate,21,7
9,25,1,dilate,29,1
9,25,1,dilate,29,4
9,25,1,dilate,29,7
9,25,1,open,13,1
9,25,1,open,13,4
9,25,1,open,13,7
9,25,1,open,21,1
9,25,1,open,21,4
9,25,1,open,21,7
9,25,1,open,29,1
9,25,1,open,29,4
9,25,1,open,29,7
9,25,4,dilate,13,1
9,25,4,dilate,13,4
9,25,4,dilate,13,7
9,25,4,dilate,21,1
9,25,4,dilate,21,4
9,25,4,dilate,21,7
9,25,4,dilate,29,1
9,25,4,dilate,29,4
9,25,4,dilate,29,7
9,25,4,open,13,1
9,25,4,open,13,4
9,25,4,open,13,7
9,25,4,open,21,1
9,25,4,open,21,4
9,25,4,open,21,7
9,25,4,open,29,1
9,25,4,open,29,4
9,25,4,open,29,7
9,25,9,dilate,13,1
9,25,9,dilate,13,4
9,25,9,dilate,13,7
9,25,9,dilate,21,1
9,25,9,dilate,21,4
9,25,9,dilate,21,7
9,25,9,dilate,29,1
9,25,9,dilate,29,4
9,25,9,dilate,29,7
9,25,9,open,13,1
9,25,9,open,13,4
9,25,9,open,13,7
9,25,9,open,21,1
9,25,9,open,21,4
9,25,9,open,21,7
9,25,9,open,29,1
9,25,9,open,29,4
9,25,9,open,29,7
9,25,16,dilate,13,1
9,25,16,dilate,13,4
9,25,16,dilate,13,7
9,25,16,dilate,21,1
9,25,16,dilate,21,4
9,25,16,dilate,21,7
9,25,16,dilate,29,1
9,25,16,dilate,29,4
9,25,16,dilate,29,7
9,25,16,open,13,1
9,25,16,open,13,4
9,25,16,open,13,7
9,25,16,open,21,1
9,25,16,open,21,4
9,25,16,open,21,7
9,25,16,open,29,1
9,25,16,open,29,4
9,25,16,open,29,7
9,25,25,dilate,13,1
9,25,25,dilate,13,4
9,25,25,dilate,13,7
9,25,25,dilate,21,1
9,25,25,dilate,21,4
9,25,25,dilate,21,7
9,25,25,dilate,29,1
9,25,25,dilate,29,4
9,25,25,dilate,29,7
9,25,25,open,13,1
9,25,25,open,13,4
9,25,25,open,13,7
9,25,25,open,21,1
9,25,25,open,21,4
9,25,25,open,21,7
9,25,25,open,29,1
9,25,25,open,29,4
9,25,25,open,29,7
9,50,1,dilate,13,1
9,50,1,dilate,13,4
9,50,1,dilate,13,7
9,50,1,dilate,21,1
9,50,1,dilate,21,4
9,50,1,dilate,21,7
9,50,1,dilate,29,1
9,50,1,dilate,29,4
9,50,1,dilate,29,7
9,50,1,open,13,1
9,50,1,open,13,4
9,50,1,open,13,7
9,50,1,open,21,1
9,50,1,open,21,4
9,50,1,open,21,7
9,50,1,open,29,1
9,50,1,open,29,4
9,50,1,open,29,7
9,50,4,dilate,13,1
9,50,4,dilate,13,4
9,50,4,dilate,13,7
9,50,4,dilate,21,1
9,50,4,dilate,21,4
9,50,4,dilate,21,7
9,50,4,dilate,29,1
9,50,4,dilate,29,4
9,50,4,dilate,29,7
9,50,4,open,13,1
9,50,4,open,13,4
9,50,4,open,13,7
9,50,4,open,21,1
9,50,4,open,21,4
9,50,4,open,21,7
9,50,4,open,29,1
9,50,4,open,29,4
9,50,4,open,29,7
9,50,9,dilate,13,1
9,50,9,dilate,13,4
9,50,9,dilate,13,7
9,50,9,dilate,21,1
9,50,9,dilate,21,4
9,50,9,dilate,21,7
9,50,9,dilate,29,1
9,50,9,dilate,29,4
9,50,9,dilate,29,7
9,50,9,open,13,1
9,50,9,open,13,4
9,50,9,open,13,7
9,50,9,open,21,1
9,50,9,open,21,4
9,50,9,open,21,7
9,50,9,open,29,1
9,50,9,open,29,4
9,50,9,open,29,7
9,50,16,dilate,13,1
9,50,16,dilate,13,4
9,50,16,dilate,13,7
9,50,16,dilate,21,1
9,50,16,dilate,21,4
9,50,16,dilate,21,7
9,50,16,dilate,29,1
9,50,16,dilate,29,4
9,50,16,dilate,29,7
9,50,16,open,13,1
9,50,16,open,13,4
9,50,16,open,13,7
9,50,16,open,21,1
9,50,16,open,21,4
9,50,16,open,21,7
9,50,16,open,29,1
9,50,16,open,29,4
9,50,16,open,29,7
9,50,25,dilate,13,1
9,50,25,dilate,13,4
9,50,25,dilate,13,7
9,50,25,dilate,21,1
9,50,25,dilate,21,4
9,50,25,dilate,21,7
9,50,25,dilate,29,1
9,50,25,dilate,29,4
9,50,25,dilate,29,7
9,50,25,open,13,1
9,50,25,open,13,4
9,50,25,open,13,7
9,50,25,open,21,1
9,50,25,open,21,4
9,50,25,open,21,7
9,50,25,open,29,1
9,50,25,open,29,4
9,50,25,open,29,7
9,75,1,dilate,13,1
9,75,1,dilate,13,4
9,75,1,dilate,13,7
9,75,1,dilate,21,1
9,75,1,dilate,21,4
9,75,1,dilate,21,7
9,75,1,dilate,29,1
9,75,1,dilate,29,4
9,75,1,dilate,29,7
9,75,1,open,13,1
9,75,1,open,13,4
9,75,1,open,13,7
9,75,1,open,21,1
9,75,1,open,21,4
9,75,1,open,21,7
9,75,1,open,29,1
9,75,1,open,29,4
9,75,1,open,29,7
9,75,4,dilate,13,1
9,75,4,dilate,13,4
9,75,4,dilate,13,7
9,75,4,dilate,21,1
9,75,4,dilate,21,4
9,75,4,dilate,21,7
9,75,4,dilate,29,1
9,75,4,dilate,29,4
9,75,4,dilate,29,7
9,75,4,open,13,1
9,75,4,open,13,4
9,75,4,open,13,7
9,75,4,open,21,1
9,75,4,open,21,4
9,75,4,open,21,7
9,75,4,open,29,1
9,75,4,open,29,4
9,75,4,open,29,7
9,75,9,dilate,13,1
9,75,9,dilate,13,4
9,75,9,dilate,13,7
9,75,9,dilate,21,1
9,75,9,dilate,21,4
9,75,9,dilate,21,7
9,75,9,dilate,29,1
9,75,9,dilate,29,4
9,75,9,dilate,29,7
9,75,9,open,13,1
9,75,9,open,13,4
9,75,9,open,13,7
9,75,9,open,21,1
9,75,9,open,21,4
9,75,9,open,21,7
9,75,9,open,29,1
9,75,9,open,29,4
9,75,9,open,29,7
9,75,16,dilate,13,1
9,75,16,dilate,13,4
9,75,16,dilate,13,7
9,75,16,dilate,21,1
9,75,16,dilate,21,4
9,75,16,dilate,21,7
9,75,16,dilate,29,1
9,75,16,dilate,29,4
9,75,16,dilate,29,7
9,75,16,open,13,1
9,75,16,open,13,4
9,75,16,open,13,7
9,75,16,open,21,1
9,75,16,open,21,4
9,75,16,open,21,7
9,75,16,open,29,1
9,75,16,open,29,4
9,75,16,open,29,7
9,75,25,dilate,13,1
9,75,25,dilate,13,4
9,75,25,dilate,13,7
9,75,25,dilate,21,1
9,75,25,dilate,21,4
9,75,25,dilate,21,7
9,75,25,dilate,29,1
9,75,25,dilate,29,4
9,75,25,dilate,29,7
9,75,25,open,13,1
9,75,25,open,13,4
9,75,25,open,13,7
9,75,25,open,21,1
9,75,25,open,21,4
9,75,25,open,21,7
9,75,25,open,29,1
9,75,25,open,29,4
9,75,25,open,29,7
9,100,1,dilate,13,1
9,100,1,dilate,13,4
9,100,1,dilate,13,7
9,100,1,dilate,21,1
9,100,1,dilate,21,4
9,100,1,dilate,21,7
9,100,1,dilate,29,1
9,100,1,dilate,29,4
9,100,1,dilate,29,7
9,100,1,open,13,1
9,100,1,open,13,4
9,100,1,open,13,7
9,100,1,open,21,1
9,100,1,open,21,4
9,100,1,open,21,7
9,100,1,open,29,1
9,100,1,open,29,4
9,100,1,open,29,7
9,100,4,dilate,13,1
9,100,4,dilate,13,4
9,100,4,dilate,13,7
9,100,4,dilate,21,1
9,100,4,dilate,21,4
9,100,4,dilate,21,7
9,100,4,dilate,29,1
9,100,4,dilate,29,4
9,100,4,dilate,29,7
9,100,4,open,13,1
9,100,4,open,13,4
9,100,4,open,13,7
9,100,4,open,21,1
9,100,4,open,21,4
9,100,4,open,21,7
9,100,4,open,29,1
9,100,4,open,29,4
9,100,4,open,29,7
9,100,9,dilate,13,1
9,100,9,dilate,13,4
9,100,9,dilate,13,7
9,100,9,dilate,21,1
9,100,9,dilate,21,4
9,100,9,dilate,21,7
9,100,9,dilate,29,1
9,100,9,dilate,29,4
9,100,9,dilate,29,7
9,100,9,open,13,1
9,100,9,open,13,4
9,100,9,open,13,7
9,100,9,open,21,1
9,100,9,open,21,4
9,100,9,open,21,7
9,100,9,open,29,1
9,100,9,open,29,4
9,100,9,open,29,7
9,100,16,dilate,13,1
9,100,16,dilate,13,4
9,100,16,dilate,13,7
9,100,16,dilate,21,1
9,100,16,dilate,21,4
9,100,16,dilate,21,7
9,100,16,dilate,29,1
9,100,16,dilate,29,4
9,100,16,dilate,29,7
9,100,16,open,13,1
9,100,16,open,13,4
9,100,16,open,13,7
9,100,16,open,21,1
9,100,16,open,21,4
9,100,16,open,21,7
9,100,16,open,29,1
9,100,16,open,29,4
9,100,16,open,29,7
9,100,25,dilate,13,1
9,100,25,dilate,13,4
9,100,25,dilate,13,7
9,100,25,dilate,21,1
9,100,25,dilate,21,4
9,100,25,dilate,21,7
9,100,25,dilate,29,1
9,100,25,dilate,29,4
9,100,25,dilate,29,7
9,100,25,open,13,1
9,100,25,open,13,4
9,100,25,open,13,7
9,100,25,open,21,1
9,100,25,open,21,4
9,100,25,open,21,7
9,100,25,open,29,1
9,100,25,open,29,4
9,100,25,open,29,7
9,125,1,dilate,13,1
9,125,1,dilate,13,4
9,125,1,dilate,13,7
9,125,1,dilate,21,1
9,125,1,dilate,21,4
9,125,1,dilate,21,7
9,125,1,dilate,29,1
9,125,1,dilate,29,4
9,125,1,dilate,29,7
9,125,1,open,13,1
9,125,1,open,13,4
9,125,1,open,13,7
9,125,1,open,21,1
9,125,1,open,21,4
9,125,1,open,21,7
9,125,1,open,29,1
9,125,1,open,29,4
9,125,1,open,29,7
9,125,4,dilate,13,1
9,125,4,dilate,13,4
9,125,4,dilate,13,7
9,125,4,dilate,21,1
9,125,4,dilate,21,4
9,125,4,dilate,21,7
9,125,4,dilate,29,1
9,125,4,dilate,29,4
9,125,4,dilate,29,7
9,125,4,open,13,1
9,125,4,open,13,4
9,125,4,open,13,7
9,125,4,open,21,1
9,125,4,open,21,4
9,125,4,open,21,7
9,125,4,open,29,1
9,125,4,open,29,4
9,125,4,open,29,7
9,125,9,dilate,13,1
9,125,9,dilate,13,4
9,125,9,dilate,13,7
9,125,9,dilate,21,1
9,125,9,dilate,21,4
9,125,9,dilate,21,7
9,125,9,dilate,29,1
9,125,9,dilate,29,4
9,125,9,dilate,29,7
9,125,9,open,13,1
9,125,9,open,13,4
9,125,9,open,13,7
9,125,9,open,21,1
9,125,9,open,21,4
9,125,9,open,21,7
9,125,9,open,29,1
9,125,9,open,29,4
9,125,9,open,29,7
9,125,16,dilate,13,1
9,125,16,dilate,13,4
9,125,16,dilate,13,7
9,125,16,dilate,21,1
9,125,16,dilate,21,4
9,125,16,dilate,21,7
9,125,16,dilate,29,1
9,125,16,dilate,29,4
9,125,16,dilate,29,7
9,125,16,open,13,1
9,125,16,open,13,4
9,125,16,open,13,7
9,125,16,open,21,1
9,125,16,open,21,4
9,125,16,open,21,7
9,125,16,open,29,1
9,125,16,open,29,4
9,125,16,open,29,7
9,125,25,dilate,13,1
9,125,25,dilate,13,4
9,125,25,dilate,13,7
9,125,25,dilate,21,1
9,125,25,dilate,21,4
9,125,25,dilate,21,7
9,125,25,dilate,29,1
9,125,25,dilate,29,4
9,125,25,dilate,29,7
9,125,25,open,13,1
9,125,25,open,13,4
9,125,25,open,13,7
9,125,25,open,21,1
9,125,25,open,21,4
9,125,25,open,21,7
9,125,25,open,29,1
9,125,25,open,29,4
9,125,25,open,29,7
9,150,1,dilate,13,1
9,150,1,dilate,13,4
9,150,1,dilate,13,7
9,150,1,dilate,21,1
9,150,1,dilate,21,4
9,150,1,dilate,21,7
9,150,1,dilate,29,1
9,150,1,dilate,29,4
9,150,1,dilate,29,7
9,150,1,open,13,1
9,150,1,open,13,4
9,150,1,open,13,7
9,150,1,open,21,1
9,150,1,open,21,4
9,150,1,open,21,7
9,150,1,open,29,1
9,150,1,open,29,4
9,150,1,open,29,7
9,150,4,dilate,13,1
9,150,4,dilate,13,4
9,150,4,dilate,13,7
9,150,4,dilate,21,1
9,150,4,dilate,21,4
9,150,4,dilate,21,7
9,150,4,dilate,29,1
9,150,4,dilate,29,4
9,150,4,dilate,29,7
9,150,4,open,13,1
9,150,4,open,13,4
9,150,4,open,13,7
9,150,4,open,21,1
9,150,4,open,21,4
9,150,4,open,21,7
9,150,4,open,29,1
9,150,4,open,29,4
9,150,4,open,29,7
9,150,9,dilate,13,1
9,150,9,dilate,13,4
9,150,9,dilate,13,7
9,150,9,dilate,21,1
9,150,9,dilate,21,4
9,150,9,dilate,21,7
9,150,9,dilate,29,1
9,150,9,dilate,29,4
9,150,9,dilate,29,7
9,150,9,open,13,1
9,150,9,open,13,4
9,150,9,open,13,7
9,150,9,open,21,1
9,150,9,open,21,4
9,150,9,open,21,7
9,150,9,open,29,1
9,150,9,open,29,4
9,150,9,open,29,7
9,150,16,dilate,13,1
9,150,16,dilate,13,4
9,150,16,dilate,13,7
9,150,16,dilate,21,1
9,150,16,dilate,21,4
9,150,16,dilate,21,7
9,150,16,dilate,29,1
9,150,16,dilate,29,4
9,150,16,dilate,29,7
9,150,16,open,13,1
9,150,16,open,13,4
9,150,16,open,13,7
9,150,16,open,21,1
9,150,16,open,21,4
9,150,16,open,21,7
9,150,16,open,29,1
9,150,16,open,29,4
9,150,16,open,29,7
9,150,25,dilate,13,1
9,150,25,dilate,13,4
9,150,25,dilate,13,7
9,150,25,dilate,21,1
9,150,25,dilate,21,4
9,150,25,dilate,21,7
9,150,25,dilate,29,1
9,150,25,dilate,29,4
9,150,25,dilate,29,7
9,150,25,open,13,1
9,150,25,open,13,4
9,150,25,open,13,7
9,150,25,open,21,1
9,150,25,open,21,4
9,150,25,open,21,7
9,150,25,open,29,1
9,150,25,open,29,4
9,150,25,open,29,7
11,25,1,dilate,13,1
11,25,1,dilate,13,4
11,25,1,dilate,13,7
11,25,1,dilate,21,1
11,25,1,dilate,21,4
11,25,1,dilate,21,7
11,25,1,dilate,29,1
11,25,1,dilate,29,4
11,25,1,dilate,29,7
11,25,1,open,13,1
11,25,1,open,13,4
11,25,1,open,13,7
11,25,1,open,21,1
11,25,1,open,21,4
11,25,1,open,21,7
11,25,1,open,29,1
11,25,1,open,29,4
11,25,1,open,29,7
11,25,4,dilate,13,1
11,25,4,dilate,13,4
11,25,4,dilate,13,7
11,25,4,dilate,21,1
11,25,4,dilate,21,4
11,25,4,dilate,21,7
11,25,4,dilate,29,1
11,25,4,dilate,29,4
11,25,4,dilate,29,7
11,25,4,open,13,1
11,25,4,open,13,4
11,25,4,open,13,7
11,25,4,open,21,1
11,25,4,open,21,4
11,25,4,open,21,7
11,25,4,open,29,1
11,25,4,open,29,4
11,25,4,open,29,7
11,25,9,dilate,13,1
11,25,9,dilate,13,4
11,25,9,dilate,13,7
11,25,9,dilate,21,1
11,25,9,dilate,21,4
11,25,9,dilate,21,7
11,25,9,dilate,29,1
11,25,9,dilate,29,4
11,25,9,dilate,29,7
11,25,9,open,13,1
11,25,9,open,13,4
11,25,9,open,13,7
11,25,9,open,21,1
11,25,9,open,21,4
11,25,9,open,21,7
11,25,9,open,29,1
11,25,9,open,29,4
11,25,9,open,29,7
11,25,16,dilate,13,1
11,25,16,dilate,13,4
11,25,16,dilate,13,7
11,25,16,dilate,21,1
11,25,16,dilate,21,4
11,25,16,dilate,21,7
11,25,16,dilate,29,1
11,25,16,dilate,29,4
11,25,16,dilate,29,7
11,25,16,open,13,1
11,25,16,open,13,4
11,25,16,open,13,7
11,25,16,open,21,1
11,25,16,open,21,4
11,25,16,open,21,7
11,25,16,open,29,1
11,25,16,open,29,4
11,25,16,open,29,7
11,25,25,dilate,13,1
11,25,25,dilate,13,4
11,25,25,dilate,13,7
11,25,25,dilate,21,1
11,25,25,dilate,21,4
11,25,25,dilate,21,7
11,25,25,dilate,29,1
11,25,25,dilate,29,4
11,25,25,dilate,29,7
11,25,25,open,13,1
11,25,25,open,13,4
11,25,25,open,13,7
11,25,25,open,21,1
11,25,25,open,21,4
11,25,25,open,21,7
11,25,25,open,29,1
11,25,25,open,29,4
11,25,25,open,29,7
11,50,1,dilate,13,1
11,50,1,dilate,13,4
11,50,1,dilate,13,7
11,50,1,dilate,21,1
11,50,1,dilate,21,4
11,50,1,dilate,21,7
11,50,1,dilate,29,1
11,50,1,dilate,29,4
11,50,1,dilate,29,7
11,50,1,open,13,1
11,50,1,open,13,4
11,50,1,open,13,7
11,50,1,open,21,1
11,50,1,open,21,4
11,50,1,open,21,7
11,50,1,open,29,1
11,50,1,open,29,4
11,50,1,open,29,7
11,50,4,dilate,13,1
11,50,4,dilate,13,4
11,50,4,dilate,13,7
11,50,4,dilate,21,1
11,50,4,dilate,21,4
11,50,4,dilate,21,7
11,50,4,dilate,29,1
11,50,4,dilate,29,4
11,50,4,dilate,29,7
11,50,4,open,13,1
11,50,4,open,13,4
11,50,4,open,13,7
11,50,4,open,21,1
11,50,4,open,21,4
11,50,4,open,21,7
11,50,4,open,29,1
11,50,4,open,29,4
11,50,4,open,29,7
11,50,9,dilate,13,1
11,50,9,dilate,13,4
11,50,9,dilate,13,7
11,50,9,dilate,21,1
11,50,9,dilate,21,4
11,50,9,dilate,21,7
11,50,9,dilate,29,1
11,50,9,dilate,29,4
11,50,9,dilate,29,7
11,50,9,open,13,1
11,50,9,open,13,4
11,50,9,open,13,7
11,50,9,open,21,1
11,50,9,open,21,4
11,50,9,open,21,7
11,50,9,open,29,1
11,50,9,open,29,4
11,50,9,open,29,7
11,50,16,dilate,13,1
11,50,16,dilate,13,4
11,50,16,dilate,13,7
11,50,16,dilate,21,1
11,50,16,dilate,21,4
11,50,16,dilate,21,7
11,50,16,dilate,29,1
11,50,16,dilate,29,4
11,50,16,dilate,29,7
11,50,16,open,13,1
11,50,16,open,13,4
11,50,16,open,13,7
11,50,16,open,21,1
11,50,16,open,21,4
11,50,16,open,21,7
11,50,16,open,29,1
11,50,16,open,29,4
11,50,16,open,29,7
11,50,25,dilate,13,1
11,50,25,dilate,13,4
11,50,25,dilate,13,7
11,50,25,dilate,21,1
11,50,25,dilate,21,4
11,50,25,dilate,21,7
11,50,25,dilate,29,1
11,50,25,dilate,29,4
11,50,25,dilate,29,7
11,50,25,open,13,1
11,50,25,open,13,4
11,50,25,open,13,7
11,50,25,open,21,1
11,50,25,open,21,4
11,50,25,open,21,7
11,50,25,open,29,1
11,50,25,open,29,4
11,50,25,open,29,7
11,75,1,dilate,13,1
11,75,1,dilate,13,4
11,75,1,dilate,13,7
11,75,1,dilate,21,1
11,75,1,dilate,21,4
11,75,1,dilate,21,7
11,75,1,dilate,29,1
11,75,1,dilate,29,4
11,75,1,dilate,29,7
11,75,1,open,13,1
11,75,1,open,13,4
11,75,1,open,13,7
11,75,1,open,21,1
11,75,1,open,21,4
11,75,1,open,21,7
11,75,1,open,29,1
11,75,1,open,29,4
11,75,1,open,29,7
11,75,4,dilate,13,1
11,75,4,dilate,13,4
11,75,4,dilate,13,7
11,75,4,dilate,21,1
11,75,4,dilate,21,4
11,75,4,dilate,21,7
11,75,4,dilate,29,1
11,75,4,dilate,29,4
11,75,4,dilate,29,7
11,75,4,open,13,1
11,75,4,open,13,4
11,75,4,open,13,7
11,75,4,open,21,1
11,75,4,open,21,4
11,75,4,open,21,7
11,75,4,open,29,1
11,75,4,open,29,4
11,75,4,open,29,7
11,75,9,dilate,13,1
11,75,9,dilate,13,4
11,75,9,dilate,13,7
11,75,9,dilate,21,1
11,75,9,dilate,21,4
11,75,9,dilate,21,7
11,75,9,dilate,29,1
11,75,9,dilate,29,4
11,75,9,dilate,29,7
11,75,9,open,13,1
11,75,9,open,13,4
11,75,9,open,13,7
11,75,9,open,21,1
11,75,9,open,21,4
11,75,9,open,21,7
11,75,9,open,29,1
11,75,9,open,29,4
11,75,9,open,29,7
11,75,16,dilate,13,1
11,75,16,dilate,13,4
11,75,16,dilate,13,7
11,75,16,dilate,21,1
11,75,16,dilate,21,4
11,75,16,dilate,21,7
11,75,16,dilate,29,1
11,75,16,dilate,29,4
11,75,16,dilate,29,7
11,75,16,open,13,1
11,75,16,open,13,4
11,75,16,open,13,7
11,75,16,open,21,1
11,75,16,open,21,4
11,75,16,open,21,7
11,75,16,open,29,1
11,75,16,open,29,4
11,75,16,open,29,7
11,75,25,dilate,13,1
11,75,25,dilate,13,4
11,75,25,dilate,13,7
11,75,25,dilate,21,1
11,75,25,dilate,21,4
11,75,25,dilate,21,7
11,75,25,dilate,29,1
11,75,25,dilate,29,4
11,75,25,dilate,29,7
11,75,25,open,13,1
11,75,25,open,13,4
11,75,25,open,13,7
11,75,25,open,21,1
11,75,25,open,21,4
11,75,25,open,21,7
11,75,25,open,29,1
11,75,25,open,29,4
11,75,25,open,29,7
11,100,1,dilate,13,1
11,100,1,dilate,13,4
11,100,1,dilate,13,7
11,100,1,dilate,21,1
11,100,1,dilate,21,4
11,100,1,dilate,21,7
11,100,1,dilate,29,1
11,100,1,dilate,29,4
11,100,1,dilate,29,7
11,100,1,open,13,1
11,100,1,open,13,4
11,100,1,open,13,7
11,100,1,open,21,1
11,100,1,open,21,4
11,100,1,open,21,7
11,100,1,open,29,1
11,100,1,open,29,4
11,100,1,open,29,7
11,100,4,dilate,13,1
11,100,4,dilate,13,4
11,100,4,dilate,13,7
11,100,4,dilate,21,1
11,100,4,dilate,21,4
11,100,4,dilate,21,7
11,100,4,dilate,29,1
11,100,4,dilate,29,4
11,100,4,dilate,29,7
11,100,4,open,13,1
11,100,4,open,13,4
11,100,4,open,13,7
11,100,4,open,21,1
11,100,4,open,21,4
11,100,4,open,21,7
11,100,4,open,29,1
11,100,4,open,29,4
11,100,4,open,29,7
11,100,9,dilate,13,1
11,100,9,dilate,13,4
11,100,9,dilate,13,7
11,100,9,dilate,21,1
11,100,9,dilate,21,4
11,100,9,dilate,21,7
11,100,9,dilate,29,1
11,100,9,dilate,29,4
11,100,9,dilate,29,7
11,100,9,open,13,1
11,100,9,open,13,4
11,100,9,open,13,7
11,100,9,open,21,1
11,100,9,open,21,4
11,100,9,open,21,7
11,100,9,open,29,1
11,100,9,open,29,4
11,100,9,open,29,7
11,100,16,dilate,13,1
11,100,16,dilate,13,4
11,100,16,dilate,13,7
11,100,16,dilate,21,1
11,100,16,dilate,21,4
11,100,16,dilate,21,7
11,100,16,dilate,29,1
11,100,16,dilate,29,4
11,100,16,dilate,29,7
11,100,16,open,13,1
11,100,16,open,13,4
11,100,16,open,13,7
11,100,16,open,21,1
11,100,16,open,21,4
11,100,16,open,21,7
11,100,16,open,29,1
11,100,16,open,29,4
11,100,16,open,29,7
11,100,25,dilate,13,1
11,100,25,dilate,13,4
11,100,25,dilate,13,7
11,100,25,dilate,21,1
11,100,25,dilate,21,4
11,100,25,dilate,21,7
11,100,25,dilate,29,1
11,100,25,dilate,29,4
11,100,25,dilate,29,7
11,100,25,open,13,1
11,100,25,open,13,4
11,100,25,open,13,7
11,100,25,open,21,1
11,100,25,open,21,4
11,100,25,open,21,7
11,100,25,open,29,1
11,100,25,open,29,4
11,100,25,open,29,7
11,125,1,dilate,13,1
11,125,1,dilate,13,4
11,125,1,dilate,13,7
11,125,1,dilate,21,1
11,125,1,dilate,21,4
11,125,1,dilate,21,7
11,125,1,dilate,29,1
11,125,1,dilate,29,4
11,125,1,dilate,29,7
11,125,1,open,13,1
11,125,1,open,13,4
11,125,1,open,13,7
11,125,1,open,21,1
11,125,1,open,21,4
11,125,1,open,21,7
11,125,1,open,29,1
11,125,1,open,29,4
11,125,1,open,29,7
11,125,4,dilate,13,1
11,125,4,dilate,13,4
11,125,4,dilate,13,7
11,125,4,dilate,21,1
11,125,4,dilate,21,4
11,125,4,dilate,21,7
11,125,4,dilate,29,1
11,125,4,dilate,29,4
11,125,4,dilate,29,7
11,125,4,open,13,1
11,125,4,open,13,4
11,125,4,open,13,7
11,125,4,open,21,1
11,125,4,open,21,4
11,125,4,open,21,7
11,125,4,open,29,1
11,125,4,open,29,4
11,125,4,open,29,7
11,125,9,dilate,13,1
11,125,9,dilate,13,4
11,125,9,dilate,13,7
11,125,9,dilate,21,1
11,125,9,dilate,21,4
11,125,9,dilate,21,7
11,125,9,dilate,29,1
11,125,9,dilate,29,4
11,125,9,dilate,29,7
11,125,9,open,13,1
11,125,9,open,13,4
11,125,9,open,13,7
11,125,9,open,21,1
11,125,9,open,21,4
11,125,9,open,21,7
11,125,9,open,29,1
11,125,9,open,29,4
11,125,9,open,29,7
11,125,16,dilate,13,1
11,125,16,dilate,13,4
11,125,16,dilate,13,7
11,125,16,dilate,21,1
11,125,16,dilate,21,4
11,125,16,dilate,21,7
11,125,16,dilate,29,1
11,125,16,dilate,29,4
11,125,16,dilate,29,7
11,125,16,open,13,1
11,125,16,open,13,4
11,125,16,open,13,7
11,125,16,open,21,1
11,125,16,open,21,4
11,125,16,open,21,7
11,125,16,open,29,1
11,125,16,open,29,4
11,125,16,open,29,7
11,125,25,dilate,13,1
11,125,25,dilate,13,4
11,125,25,dilate,13,7
11,125,25,dilate,21,1
11,125,25,dilate,21,4
11,125,25,dilate,21,7
11,125,25,dilate,29,1
11,125,25,dilate,29,4
11,125,25,dilate,29,7
11,125,25,open,13,1
11,125,25,open,13,4
11,125,25,open,13,7
11,125,25,open,21,1
11,125,25,open,21,4
11,125,25,open,21,7
11,125,25,open,29,1
11,125,25,open,29,4
11,125,25,open,29,7
11,150,1,dilate,13,1
11,150,1,dilate,13,4
11,150,1,dilate,13,7
11,150,1,dilate,21,1
11,150,1,dilate,21,4
11,150,1,dilate,21,7
11,150,1,dilate,29,1
11,150,1,dilate,29,4
11,150,1,dilate,29,7
11,150,1,open,13,1
11,150,1,open,13,4
11,150,1,open,13,7
11,150,1,open,21,1
11,150,1,open,21,4
11,150,1,open,21,7
11,150,1,open,29,1
11,150,1,open,29,4
11,150,1,open,29,7
11,150,4,dilate,13,1
11,150,4,dilate,13,4
11,150,4,dilate,13,7
11,150,4,dilate,21,1
11,150,4,dilate,21,4
11,150,4,dilate,21,7
11,150,4,dilate,29,1
11,150,4,dilate,29,4
11,150,4,dilate,29,7
11,150,4,open,13,1
11,150,4,open,13,4
11,150,4,open,13,7
11,150,4,open,21,1
11,150,4,open,21,4
11,150,4,open,21,7
11,150,4,open,29,1
11,150,4,open,29,4
11,150,4,open,29,7
11,150,9,dilate,13,1
11,150,9,dilate,13,4
11,150,9,dilate,13,7
11,150,9,dilate,21,1
11,150,9,dilate,21,4
11,150,9,dilate,21,7
11,150,9,dilate,29,1
11,150,9,dilate,29,4
11,150,9,dilate,29,7
11,150,9,open,13,1
11,150,9,open,13,4
11,150,9,open,13,7
11,150,9,open,21,1
11,150,9,open,21,4
11,150,9,open,21,7
11,150,9,open,29,1
11,150,9,open,29,4
11,150,9,open,29,7
11,150,16,dilate,13,1
11,150,16,dilate,13,4
11,150,16,dilate,13,7
11,150,16,dilate,21,1
11,150,16,dilate,21,4
11,150,16,dilate,21,7
11,150,16,dilate,29,1
11,150,16,dilate,29,4
11,150,16,dilate,29,7
11,150,16,open,13,1
11,150,16,open,13,4
11,150,16,open,13,7
11,150,16,open,21,1
11,150,16,open,21,4
11,150,16,open,21,7
11,150,16,open,29,1
11,150,16,open,29,4
11,150,16,open,29,7
11,150,25,dilate,13,1
11,150,25,dilate,13,4
11,150,25,dilate,13,7
11,150,25,dilate,21,1
11,150,25,dilate,21,4
11,150,25,dilate,21,7
11,150,25,dilate,29,1
11,150,25,dilate,29,4
11,150,25,dilate,29,7
11,150,25,open,13,1
11,150,25,open,13,4
11,150,25,open,13,7
11,150,25,open,21,1
11,150,25,open,21,4
11,150,25,open,21,7
11,150,25,open,29,1
11,150,25,open,29,4
11,150,25,open,29,7
